Filename,Transcript
d1195-T0,aber
d1195-T1,also ich bin geboren
d1195-T10,und der onkel ist das gewesen lehrer
d1195-T100,wie hat dann er
d1195-T1000,nein nein den guisan ist gut gewesen
d1195-T1001,wie haben sie dann das kriegsende erlebt den achten mai fünfundvierzig
d1195-T1002,das bin ich da bin ich gerade auf der militärzentraler gewesen zu luzern
d1195-T1003,und
d1195-T1004,da ist die meldung durchhingegangen
d1195-T1005,ende
d1195-T1006,ende krieg
d1195-T1007,gottfriedstutz haben wir freude gehabt dass der zauber fertig gewesen ist
d1195-T1008,ja das ist
d1195-T1009,also wie gesagt
d1195-T101,reagiert wo die deutschen die nazis in deutschland an der macht gewesen sind
d1195-T1010,ich möchte das auch noch abschliessend sagen
d1195-T1011,nicht vom heutigen winkel aus sondern vom hm
d1195-T1012,man muss die zeit hernehmen wo dazumal die alle alle die umständen und die verschiedenen
d1195-T1013,wobei gerade auch die autoritäre erziehung non eine rolle gespielt hat deren
d1195-T1014,das ist wo da die antiautoritäre erziehung gekommen ist ist da dann
d1195-T1015,hat es da umgeschlagen gut ich will heute auch nicht mehr so eine
d1195-T1016,für uns ist die eltern
d1195-T1017,wir haben den vater und die mutter nie mit du angeredet
d1195-T1018,einzige der jüngste bruder der hat
d1195-T1019,die mutter noch mit
d1195-T102,da hat man nichts von dem gewusst dazumal hat man das ist in der der anfangs den dreissiger jahren gewesen
d1195-T1020,du angeredet nachher habe ich gesagt du bist auch noch eine freche kerli
d1195-T1021,könnte ich nicht
d1195-T1022,er ist allerdings
d1195-T1023,er ist ein einundzwanziger gewesen
d1195-T1024,ich ein vierzehner
d1195-T1025,also gemerkt da schon
d1195-T1026,mh
d1195-T1027,nein wir haben also
d1195-T1028,wir haben also und auch die lehrer
d1195-T1029,unser vater ist dann ist
d1195-T103,und die nazis
d1195-T1030,dann ist eine verdingbuben gewesen
d1195-T1031,aber der ist sehr streng gewesen mit uns
d1195-T1032,und er hätte ich es auch gesagt
d1195-T1033,es sollen wir ja eine keiner heim gekommen und schimpft über eine lehrer oder über eine geistlichen
d1195-T1034,da klopf der dann gerade aus und dann hat er dann da ausgeklopft dann hat er
d1195-T1035,das hat also keiner traut irgend über eine lehrer etwas zu sagen wann
d1195-T1036,wenn es auch wenn es auch vielleicht berechtigt gewesen wären he
d1195-T1037,ja
d1195-T1038,das hat es nicht geben das also die
d1195-T1039,autoritäre erziehung hat also eine reisse rolle gespielt
d1195-T104,das ist ja im dreiunddreissig ist der kommen
d1195-T1040,und das hat natürlich im krieg beim hitler
d1195-T1041,ja müsst man vielleicht auch noch klein einziehen
d1195-T1042,die deutschen haben vielleicht durch das auch noch so klein
d1195-T1044,der ist ein autorieben
d1195-T1045,autorität gewesen bei denen klar
d1195-T1046,ja politische
d1195-T1047,und sie haben ja nicht so eine demokraten
d1195-T1048,tradittion also ein demokrativerständnis gehabt
d1195-T1049,nach dem verlorennen ersten weltkrieg
d1195-T1050,ja aber ich kann heute nicht verstehen
d1195-T1051,wir als die die leidtragen wir sind heute die leidtragenden von dem ganzen krieg
d1195-T1052,dass man heute die selbe zeit und die selben leute so schlecht hinstellt
d1195-T1053,das kann ich nicht verstehen wir haben wir haben wirklich
d1195-T1054,wir hätten kämpft für die schweiz man hätte kämpft für die schweiz und wir wären also nicht wir wären also nicht
d1195-T1055,gut es hat schon deren gehabt wo da heil hitler brüllen haben aber
d1195-T1056,das ist ja das ist sicher eine kleine minderheit gewesen
d1195-T1057,wären auch in tod gegangen wenn es gewesen wäre
d1195-T1059,jaja jaja klar klar klar
d1195-T106,und dann ist der professer wo ich gehabt habe ich weiss noch gut wo er im herbst gekommen ist
d1195-T1060,und was durch das auch
d1195-T1061,nein das tut uns also ich habe
d1195-T1062,von denen mit denen eltern leuten wenn man mit ihnen redet das tut man ja jedem weh das sagt das das ist einfach
d1195-T1063,ja was hätten wir sollen machen gottfriedstutz
d1195-T1064,gut wenn wir uns gewehrt hätten wäre er der sowieso gekommen dann wäre er wie man
d1195-T1065,wenn er nicht wenn er nicht ganz schön brav gewesen sind
d1195-T1066,hat er uns dann
d1195-T1067,und dann wären wir dann dann wäre der dann wäre da blut geflossen so ist wenigstens das nicht gewesen
d1195-T1068,gut es hat natürlich
d1195-T1069,leute gehabt
d1195-T107,hat er gerufen heil hitler natürlich
d1195-T1070,wie die juden das ist klar das sind arme keiben gewesen
d1195-T1071,aber sind nicht nur die juden gewesen es hat auch noch andere geben
d1195-T1072,zigeuner und alles möglichen sonst
d1195-T1073,sekten und alles mögliche woher woher auf dem tapet gehabt hat
d1195-T1074,nein das ist
d1195-T1076,also sie für mich sind es zwei zwei
d1195-T1077,sachen wo man müsste berücksichtigen von der selben zeit das ist eben die
d1195-T1078,die selbe zeit nicht in die heutige zeit einstellen sondern in die selbe zeit in
d1195-T1079,in der zeit innen lassen sie und dort anfangen
d1195-T108,was ist das wieder für eine keiben begrüssung da heil hitler was hat was ist mit dem hitler
d1195-T1080,und die verschiedene fasen durchhingehen und sie dann und der lugen
d1195-T1081,warum ist das so gewesen
d1195-T1082,warum ist das so gewesen
d1195-T1084,das haben wir zum teil haben wir gewusst dass da
d1195-T1085,die angst hat natürlich eine riesigen rolle gespielt da muss man schon auch sagen
d1195-T1087,ein ungerechtigkeit dass die jungen heute kommen und sagen ja in der hätten das sollen machen und dieses sollen machen
d1195-T1088,es ist ja wirklich ein existenzfrage ja auch gewesen
d1195-T1089,aber wir hätten kämpft dafür und
d1195-T109,fremder begriff gewesen man hat ja nicht gewusst was das für einer ist he
d1195-T1091,die schweiz ist ja von dort her ja schon ganz anders von der geschichte her
d1195-T1092,die lehrer und die geistlichkeit
d1195-T1093,hat gesagt ja wohl das sei
d1195-T1094,dass du die mutter mit du ahrentsch
d1195-T1095,wir haben sie immer mit ihr immer ihr
d1195-T1096,autoritäre erziehung wie wir sind noch gehabt haben also
d1195-T1097,von dieser hat nämlich noch niemand geredet von der autoritären
d1195-T1098,die verschiedenen fassen wo dazumal geherrscht haben
d1195-T1099,man muss die zeit beurteilen
d1195-T11,und noch wir sind dann noch
d1195-T110,das heisst man hat
d1195-T1100,dann hat er noch eine gewissene religion gehabt
d1195-T1101,negatives gegeit hat das hat gar nicht geben
d1195-T1102,wenn er auch im dreck umhingeschleift wird aber dann ich heute für mich noch ein ideal
d1195-T1103,eine eine nehmen
d1195-T1104,sie hat sie das ist dann abhingeheit der blutdruck ist abhingehabt und so das
d1195-T1105,sie haben wir einmal am morgen eine geben
d1195-T1106,und zu mittag nochmal eine und plötzlich habe ich zu den schwester gesagt sie es hat man einfach
d1195-T1107,wirkt da muss man eine nehmen einem tag
d1195-T1108,kann ich wieder alles essen aber ich an dann einfach zum doktor gesagt losen sie ich nicht mehr die medikamente nicht mehr
d1195-T1109,denen sie wegen einem untersuch und dann bin ich drei woche denen gewesen
d1195-T111,man hat da gehört er lugen dass alle leute arbeit haben
d1195-T1110,und dann hat man nur schmerzmittel
d1195-T1111,leber niere alles urin alles tute konnte
d1195-T1112,man kommt von denen kommt man schmerzen über aber ich hätte gerne eine antischmerzmittel nichts schmerzmittel
d1195-T1113,dann bin ich dort aufhin kommen und dann haben sie mir angefangen medikament geben zeug und sachen
d1195-T1114,nicht etwa vögeln wohl aber ich habe mich auch daran gewohnt
d1195-T1115,und seit da bin ich ein klein gehandikapiert und es nicht mehr so gut gegangen
d1195-T1116,und ich habe gesagt kommt nicht in fragen losen sie herr doktor das kommt nicht in frage das wird ab
d1195-T1117,habe dann ein ganzes jahr ausgesetzt
d1195-T1118,und hat mich da in die schule habe ich auch nicht mehr können
d1195-T1119,und dann hat der doktor gesagt nur unter der bedingung dass die therapie weiter gemacht werden
d1195-T112,und das ist immerhin ein plus gewesen wo man gefunden hat wohl
d1195-T1120,ich habe vom spital in schl sehr ein schlechten eindruck übergekommen dazumal
d1195-T1122,da hat der doktor zum vater gesagt scheint es
d1195-T1123,ein spital aufgebracht mit ross und dem wage der ist auf luzern inhingefahren
d1195-T1124,wo er das zweit mal gekommen ist hat er gesagt ja gibt nichts anderes in spital aufhin
d1195-T1125,und dann
d1195-T1126,und hat man auch kolossal weh getan im rücken im rückenmark hat mir weh getan unheimlich weh
d1195-T1127,keine maul ich bin gelegen wie ein wie er mausack im bett innen
d1195-T1128,und dann hätte ich könnte
d1195-T1129,ja abgesehen von dem mit den kinderleben ich kann man nicht hauptmann werden
d1195-T113,man hat aberwohlverstanden man hat noch nichts gewusst von
d1195-T1130,das ist zwar lustig als buben
d1195-T1131,am besten habe ich können schiessen mit den gasmasken dann habe ich gut geschossen
d1195-T1132,zugedrückt und das hat der he der hauptmann auch gesehen wenn ich zielen habe
d1195-T1133,in dem haden habe ich haben sie mich noch nicht mehr wollen lassen gehen
d1195-T1134,ich habe dann wollen weg vom
d1195-T1135,vom vierzig
d1195-T1136,gelebbrig gewesen ist
d1195-T1137,gestetselt so einen alten alten
d1195-T114,man hat nicht gewusst wie der mensch eigentlich ist dann mein kampf hat er hat man noch nicht könnt
d1195-T1140,da hat noch die autoritäre
d1195-T1141,dort ist der roten und dann dann
d1195-T1142,wie ist dann ausführende wo einen befehl bekommt
d1195-T1143,wir sind sind nie voll gewesen kommt darauf ab
d1195-T1144,das boot wahr voll ja
d1195-T1145,man hat ja juden inhingelassen man hat ja juden inhingelassen aber alle hat man in gottes namen nicht können
d1195-T1147,gut obendurchhin ist möglich dass es gewusst haben
d1195-T1148,bin ich der intensiv dabei gewesen ländlermusik hat man gefallen
d1195-T1149,und dort
d1195-T115,und man hat eigentlich nur gewusst dass er dass er dass er jetzt so genannte
d1195-T1150,sind doucher abhin haben einen nicht mehr gefunden der hat ihn unten innen geschwämt
d1195-T1151,hat hat es wäre der stimmereizehnkrampf gel gelöst aber das hat er natürlich nicht gewusst
d1195-T1152,und denen und ich habe nachhther mit einem arzt geredet hat er gesagt wenn er nur gehauestet hat
d1195-T1153,und das hat es vom ufer aus haben sie gehört dass er holhah
d1195-T1154,zusammen und dann haben sie wie weniger gebraucht und dann ist der auch
d1195-T1155,wenn einen arbeitslos wird dass er sagt ich will im beruf weiterschaffen he
d1195-T1156,ein kratten bei einer heitragen das ist alles gewesen wo ich gehabt habe wo ich den ganzen tag geschafft habe
d1195-T1157,er hat man eine leiteren angestellt und das ist wirklich ein ein ein ganz eine gefährliche keiben sache gewesen
d1195-T1158,und ich habe mich natürlich immer gelugt ein klein
d1195-T1159,mobiliar versicherung fast nichts gehabt wir haben also
d1195-T116,einparteiensystem
d1195-T1160,und das hätten nie gemacht und und darum haben wir der
d1195-T1161,klein höhere aufhin tun du weisst wir sind jetzt in einem holzhaus darinnen da
d1195-T1162,man solltet unsere mobiliarversicherung auch
d1195-T1163,zu der mutter gesagt gehabt die mutter hat mir das immer verzählt
d1195-T1164,etwa ein zwei jahre voranen oder ein jahre voranen
d1195-T1165,der vater hat noch vorennen
d1195-T1166,also für uns ist es auch schwere zeit gewesen der vater hat
d1195-T1167,habe ich da müssen über das
d1195-T1168,posten wollen wo er nicht übergekommen hat oder weiss ich weiss es also nicht
d1195-T1169,und eine kalt winter haben wir dort erlebt im kloster sind wir einquartiert gewesen und dann
d1195-T117,aufgebaut
d1195-T1170,ist verbittert gewesen entweder hat er ein posten
d1195-T1171,in das aber wahrscheinlich hat er
d1195-T1172,ja wahrscheinlich ist er ein bisslein zurück versetzt worden vermute ich
d1195-T1174,ist aber wir haben immer beicht von beicht geredet
d1195-T1175,am sempackersee uner hat müssen gan suchen sampatersee ist übrigens ganz nahe gewesen
d1195-T1176,ginge heute wahrscheinlich auch nicht mehr aber dazumal ist hat man da nichts gewusst von so gewasserverschmutzung
d1195-T1177,und geführt ist worden durch den ofen
d1195-T1178,sechs gewaschen in einem kübel inner he kann man sich ja vorstellen wie das etwa zugegangen ist
d1195-T1179,petrolfunzel das wasser haben wir müssen im holen im brunnen aussen gan holen
d1195-T118,von dem hat man etwas gewusst und
d1195-T1180,von der genommen neuen genossenschaft mit elektrisch und wasser und als im haus ein
d1195-T1181,übernachten
d1195-T1182,im winter eine zollstation eine bäckerei und was noch was und
d1195-T1183,bis dann vater ja ist schon ein klein über sechzig gewesen ist er
d1195-T1184,ist neumen angezündet im rausch innen angezündet worden dann ist ist klein verbittert gewesen über die genossenschaft
d1195-T1185,und dort habe ich die erste weihnacht gefeiert
d1195-T1186,da sind wir auf neuenkiuch aufhin kommen und dort haben wir eine wohnung übergekommen in der ruten
d1195-T1187,im winter haben wir dann natürlich müssen eine
d1195-T1188,bauernhof wo so einen most so eine mosterei gehabt hat nebenzu hat er obenfüür ein klein zügen ein klein eingerichtet
d1195-T1189,so in einem bei einem bauern
d1195-T119,man ist ein
d1195-T1190,wo die genossenschaft abhingebrannten ist und von dort
d1195-T1191,dort haben wir auch noch einer mitgemacht donnerwetter das gesehen ich heute noch als kleine buben ich bin
d1195-T1192,anno neunzehnhunderunddreissig
d1195-T1193,und nach den ferien bin ich allweg wieder dort aufhin
d1195-T1194,noch einen bruder wo daheim gewesen ist die anderen sind alle ausgeflogen gewesen die sind in sampat gewesen
d1195-T1195,ferien da habe ich noch die mutter gehabt
d1195-T1196,und dann wir sie nicht müde dabei das ist wahr wir haben eine gute beziehung gehabt
d1195-T1197,hat er allmal gesagt ja nume ganz langsam du musst nicht springen du musst ganz langsam laufen
d1195-T1198,wenn ich dann nicht so gut habe können springen aber
d1195-T1199,ausflüüg gemacht
d1195-T12,noch fünf geschwister gekommen
d1195-T120,man ist ein klein kritisch gewesen man hat gesagt der ist ich kann echt das gut aushingekommen oder nicht
d1195-T1200,will überhaut nicht negatives sagen ich
d1195-T1201,sport ein klein sport getrieben
d1195-T1202,dann hat man dann doktor gesagt also ich müssen abhin
d1195-T1203,mission und nicht mission und dann aber ich habe
d1195-T1204,und für uns ist das ein idol gewesen dann
d1195-T1205,das ist eine neuerung gewesen die kz das hat man früher gar nicht gekannt also
d1195-T1206,er entdecktiert worden da von so an so ländereien annektieren und zeug und sachen
d1195-T1207,man hat gewusst das ist von dem hitler hat man gewusst der
d1195-T1208,der krieg ist ja da noch nicht ausgebrochen dann krieg ist erst ausgebrochen
d1195-T1209,und dann radio haben wir auch nicht gekannt also wir studenten haben überhaupt nichts gewusst von dem wir haben
d1195-T121,aber immerhin er hat
d1195-T1210,es hat nur radio geben
d1195-T1211,im zugestanden ist ich habe ja das andere immer ja noch nie gewusst
d1195-T1212,da muss man einfall da muss man wisse das tut man vielleicht heute auch ein klein zu wenig
d1195-T1213,man hat ja das gar nicht wir haben ja der gar nicht gekannt der hitler der das ist für uns e
d1195-T1214,das ist ganz anfangs den die zweiunddreissig einunddreissig zweiunddreissig gewesen
d1195-T1215,berurteilen ob was für leute dass ich anstellen und das haben sie man natürlich nicht
d1195-T1216,ich hat auch chefposten können haben
d1195-T1217,dann haben sie mir gesagt ja sie stellen mich an
d1195-T1218,dort habe ich schön gut abgeschnitten
d1195-T1219,zu hohen blutdruck gehabt was ich heute noch habe dann hat man dann doktor gesagt also für sie ist das nichts da oben
d1195-T122,einer lugen für die für die leute dass sie arbeit haben und das ist schon ein plus gewesen wo man dem wo mandem
d1195-T1220,habe auch mal müssen aussetzen das hat man ja
d1195-T1221,und bei der älteste gewesen von einer
d1195-T1222,können sie ihren werdegang verzählen ihre kindheit und jugend
d1195-T1223,also jetzt die kamera läuft jetzt
d1195-T1225,jetzt muss ein
d1195-T1227,sehe schon bedingt dass man ein bisslein anpassungsfähig
d1195-T123,das muss man auch wissen heute dass er das hat
d1195-T124,aber eben man hat schon gewusst
d1195-T125,ja er lugt dass es arbeit gibt ist das von der zeitungen dann
d1195-T127,und fernsehen haben wir auch fernsehen hat es noch nicht geben
d1195-T128,man hat gar nichts gar nichts gewusst also
d1195-T129,also in wartestein
d1195-T13,sie sind der älteste
d1195-T130,zu wertesten haben wir gar nichts gewusst
d1195-T131,und wir haben überhaupt vom
d1195-T132,wo ich schon wieder daheim gewesen bin
d1195-T133,ich bin da daheim gewesen bin da auf luzern
d1195-T134,in die handelsschule und doch kann mir noch gut vorstellen
d1195-T135,bin ich von von trünnigen auf auf der familie hof übergelaufen
d1195-T136,wo wir einen bauer ruft vom feld aus jetzt ist der krieg losgegangen
d1195-T137,doch gottfriedstutz das ist wieder eine schönen
d1195-T138,gottfriedstutz wie ja wie kommt auch das noch aushin
d1195-T139,von der ding hat man noch gar nichts gewusst von der
d1195-T14,bei der älteste ja
d1195-T140,aber von der
d1195-T141,kz von dem zeug hat man nichts gewusst he
d1195-T142,gut man hat gewusst er ist gegen die juden
d1195-T143,er ist gegen die juden was er mit denen juden macht das haben wir nicht
d1195-T144,hat mir nicht so
d1195-T145,also das gewöhnliche volk hat das nicht gewusst
d1195-T146,oder oder
d1195-T147,das hat man gewusst zum teil hat man das gewusst
d1195-T148,oder nicht richtig oder also man kann nicht sagen sie haben etwas
d1195-T149,man hat da man hat es geahnt man hat es nicht einmal geahnt man hat ja das nicht
d1195-T15,und
d1195-T150,im ersten weltkrieg hat man uns hat man nur von dem
d1195-T151,vom gas geredet vom senfgas und von dem zeug
d1195-T152,aber es ist also nicht so dass man
d1195-T153,dass man gewusst hat was da gespielt wird
d1195-T154,sie haben von dem lehrer verzählt wo der hitlergruss
d1195-T155,wie
d1195-T156,sie haben von dem lehrer verzählt wo der hitlergruss in der schule
d1195-T157,gemacht hat hat dann das aus ironie
d1195-T158,was ist er sympathisant gewesen
d1195-T159,der lehrer
d1195-T16,haben die schule durchlaufen die sendet
d1195-T160,ja
d1195-T161,der hat nie verzählt vom hitler der ist nur kommen
d1195-T162,der nein nein der hat also nichts wir haben also nie politisiert in der schule nie
d1195-T163,nie
d1195-T164,er hat also nichts gesagt vom vom hitler wieder
d1195-T165,ernst gemeint hat heil hitler wo er gerufen hat heil hitler und die hand aufgehabt hat
d1195-T166,das weiss ich nicht
d1195-T167,er ist eine eine guten sehr eine guten lehrer gewesen ist allerdings da in der raus
d1195-T168,hat da ist da eingezogen worden später
d1195-T169,und ist in der russischen
d1195-T17,von der ersten bis die sekundarschule
d1195-T170,in russland gefallen
d1195-T171,ist also
d1195-T172,wie ein gesta wiener dazu gestanden ist
d1195-T174,er ist einfach kommen ob er das richtig ob er das
d1195-T175,dass mensch er hat kolosaal
d1195-T176,was er gesagt hat hat er gehalten und und er ist
d1195-T177,ist eine leichen gewesen ist also nicht irgendwie nen
d1195-T178,ist eine leichen gewesen aber hat
d1195-T179,ist wie so so klein
d1195-T18,zweite sekundarschule
d1195-T180,fast ein klein eine preussische
d1195-T181,ist zwar eine beier gewesen
d1195-T182,aber hat fast so einen preussische einen preussischen einschlag gehabt aber
d1195-T183,aber für uns ist er ein idol gewesen
d1195-T184,also wie gesagt für den deutscher ist er so richtig das ist jetzt der mann wo
d1195-T185,heute lugen sie ja auf auf
d1195-T186,auf sportgrössen he die jungen
d1195-T187,siebzehn achtzehn jährig
d1195-T188,ist das so unser
d1195-T19,und nachanter
d1195-T190,aber die
d1195-T191,also wertestein ist ist ein kloster wo
d1195-T192,wie diesen es
d1195-T193,ja das ist von der von der missionsvor ein missionskloster gewesen ein missions
d1195-T194,seminar an und für sich die haben wollen letztlich ausbilden für für die missionen
d1195-T195,und ich haben sowie so gesagt also ich komme nicht
d1195-T196,das ha hat mich eigentlich ich bin eigentlich dort hinteren gegangen das ist nur das gewesen
d1195-T197,habe kein geld gehabt
d1195-T198,und die haben gesagt ich brauche kein geld für das
d1195-T199,und sie haben
d1195-T2,die sempach station
d1195-T20,bin ich auf das gimnium kommen auf zwar auf wertisten
d1195-T200,es hat allerdings
d1195-T201,die erste ja die ersten jahrgang die sind noch ziemlich gut
d1195-T202,sie sind noch ziemlich mit
d1195-T203,geistlichen
d1195-T204,aber dann später ist dann das
d1195-T205,es ist heute schon lange aufgehoben das ist
d1195-T206,sind auf muellen gegangen später und
d1195-T207,und ich bin der ich bin dann schon fort gewesen
d1195-T208,und dann sind sie ja
d1195-T209,auf diesen es zu diesen es gewesen
d1195-T21,und dort habe ich dann noch gleich gemerkt das ist nicht
d1195-T210,zu diesen es und von diesen es habe ich dann eben dann habe ich dann die kommende übergekommen mit dieser höhenluft da
d1195-T211,muss unten müsste unten lugen dass ich könne weiter machen oben haben sie immer gemeint ich könnte schon gehen ich soll doch
d1195-T212,mit medikament aber das ist nicht gegangen das hat man nicht können abesesetzen da
d1195-T213,und dann wie gesagt es ist vielleicht noch ein anderer faktor gewesen
d1195-T214,das ist auch das finanzielle gewesen ich habe ja diesen es nicht ver
d1195-T215,nur dann ett hat man allmal gesagt das ist nicht das wichtigste
d1195-T216,das geld ist uns nicht das wichtigste
d1195-T217,wichtig ist der mann also dort durchhin hätte ich allmal dann schon
d1195-T218,helfe gehabt
d1195-T219,aber wie gesagt also
d1195-T22,das ist nicht das wo ich suchen
d1195-T220,ist dann da auch ein klein zu viel gewesen dort oben wenn man wenn man nicht
d1195-T221,ich habe es dann schon gespüürt dass man nicht mehr nicht mehr so ganz geheuer ist
d1195-T222,wie ist das geistige klima gewesen in den dreissiger jahre in diesen es
d1195-T223,ist sehr gut gewesen sehr gut hat also nicht mit
d1195-T224,sagen wir mit der ding zu tun gehabt mit der mit den deutschen ding hat das nicht
d1195-T225,wir haben überhaupt mit mit den deutschen
d1195-T226,mit dem nazitum haben wir
d1195-T227,das hat uns als studenten gar nicht eben berührt eigentlich man hat da gar nicht
d1195-T228,wir haben auch keine zeitung gelesen man haben
d1195-T229,wir haben unsere aufgaben gehabt
d1195-T23,bin dann noch auf diesentiss
d1195-T230,was wir müssen lehren das ist das wichtigste gewesen es andere hat uns an und für sich nicht so
d1195-T231,ist schon getrieben worden aber nicht so intensiv es ist also
d1195-T232,heute wird mehr sport getrieben auf diesen in denen imnie weder dazumal
d1195-T233,wir haben also nicht so gut wir haben eine bleche musik gehabt dort oben
d1195-T234,schöne zeit gewesen eine schöne zeit
d1195-T235,aber eben
d1195-T236,nein also von der selben zeit könnte ich nicht viel
d1195-T237,man hat einfach gelebt man hat
d1195-T238,habe eine gute kollegen gehabt das wo mein allmal mitgenommen hat in bergen aufhin
d1195-T239,lebt übrigens heute noch der mann
d1195-T24,kolossale schwierigkeiten übergekommen mit dem magen und
d1195-T240,dann sind sie
d1195-T243,kommt mich allmal etwa gan besuchen
d1195-T244,ja ich bin intern gewesen ja
d1195-T245,aber sie haben gleich dann ab und zu urlaub gehabt wo sie zu der familie
d1195-T246,auf sempach sind
d1195-T247,ich habe dann ja noch etwa
d1195-T248,in den ferien her bin bin ich heim gewesen
d1195-T249,was ist ihr vater von beruf
d1195-T25,sie müssen wieder abhin
d1195-T250,mein vater ist magaziner gewesen in der landwirtschaftlichen genossenschaft zu sampach
d1195-T251,hat er auch noch müssen aktivdienst machen dann
d1195-T252,der vater
d1195-T253,ja
d1195-T254,nein der ist der hat auch im ersten weltkrieg
d1195-T255,nicht dienst getan er ist
d1195-T256,er ist mit sechsundsechzig jahren gestorben an eine neunzehnhundertdre dreissig
d1195-T257,er hat allerdings dienst getan ist bei der infanterie gewesen
d1195-T258,und wir haben
d1195-T259,in deren genossenschaft haben wir natürlich
d1195-T26,wegen dem klima
d1195-T260,die ist abebrunnen
d1195-T261,etwa fünfjährige
d1195-T262,vier fünfjährig gewesen
d1195-T263,auf der einen aussen die haben die die
d1195-T264,die träte gesehen ich heute noch rot leuten
d1195-T265,wo sie mich aushintragen haben
d1195-T266,das ist zu nacht gewesen nach mitternacht
d1195-T267,das ist natürlich ein traurige sache gewesen nachhther
d1195-T268,haben wir eine keines he gehabt
d1195-T269,das heisst wir sind dann selbe sommer
d1195-T27,und dann bin ich abhin
d1195-T270,eines ist in einer kaserne gewohnt eine zeit lang dann einer mostrotte
d1195-T271,eine fester wohnsitz haben
d1195-T272,wo ich bewusst gefeiert habe
d1195-T273,und zwar nicht mit einem christbaum sondern mit einem lebkuchen wo der vater gesagt hat in könne so viel essen wie ich weil
d1195-T274,habe so viel gegessen bis ich gehörbelt habe
d1195-T275,und denwegen habe ich dann den lebkuchen nicht mehr gerne gehabt
d1195-T276,heute hat er mich heute kann ihn schon wieder essen
d1195-T277,das habe ich den leimgeblich das habe ich den leitlich getan
d1195-T279,die ist allerdings angezündet worden
d1195-T28,habe gesagt ja gottfriedstutz was mache ich jetzt und dort oben haben sie immer gestürtm ich soll doch bleiben bis zur mathur ahnen
d1195-T281,und nachanter
d1195-T282,hinterhingeheit worden ist
d1195-T283,und dann ist er wieder aufgebaut worden da sind wir wieder dort hin gekommen
d1195-T284,ersetzt worden durch einen anderen durchhin anderen
d1195-T285,magaziner
d1195-T286,hat ihm ein klein weh getan natürlich
d1195-T287,und
d1195-T288,wir sind dann ins seenhäuslein kommen auf
d1195-T289,sampat ist
d1195-T29,der doktor hat gesagt das nützt ihnen nichts sie machen wahrscheinlich die matura können sie überhaupt nicht mehr machen
d1195-T290,gehört zur gemeinde neuenkirch ist das alte zollhaus gewesen von sampach
d1195-T291,und zwei familie gewesen in dem haus innen das ist ziemlich ein grosses haus gewesen
d1195-T292,und einen unterstand wo die leute haben können
d1195-T293,und die formen wo dort vorbei sind haben ihre rösser können einstellen in einem sch in einem stall nebenzuhin
d1195-T294,ist sehr interessantes haus gewesen aber für uns ist es
d1195-T295,für uns ist es es das eldorado gewesen das muss sagen
d1195-T296,aber für
d1195-T297,wir sind ja von
d1195-T298,das haben wir nicht mehr gehabt da unten
d1195-T299,in dem alten haus das ist
d1195-T3,am vierzehnten märz neunzehnhundertvierzehn
d1195-T30,sie verleiten das einfach nicht die holuft da oben
d1195-T300,inhintragen am morgen haben sich
d1195-T301,von der an der der kochherd ist geführt worden von von der küche aus
d1195-T302,und dann ist in der stube innen ist der ofen gewesen und dann ist die petrolfunzel die hat auch noch klein warm geben
d1195-T303,ist wieder eine nichterin
d1195-T304,niedere dinge gewesen ist also ziemlich
d1195-T305,primitiv zugegangen und das wasser haben wir wieder müssen aushin tragen was wie man abgewaschen gehabt hat
d1195-T306,in bach
d1195-T307,da ist ein bach gewesen nebenzuhin
d1195-T308,ist auch nicht ist auch nicht so verschmutzt gewesen es hat immer noch haufen fisch drinnen gelegt
d1195-T309,und das ist für uns ein eldorado gewesen mit bäume und
d1195-T31,und auf das herhin
d1195-T310,hat man die ganze natur gesehen erwachen im frühling und im sommer und im herbst
d1195-T311,und ist wirklich schön gewesen am bach da haben wir müleinreder gebaut und
d1195-T312,das ist wieder eine sturm ist wie uwetter gekommen ist und das maulirad nicht mehr
d1195-T313,etwa hundert schritt
d1195-T314,sind wir gan fischen dort das ist
d1195-T315,ist also wie gesagt für kinder ist es ein eldorado gewesen gut für die eltern
d1195-T316,ist es weniger interessant gewesen
d1195-T317,hauptsächlich hast im winter geführtert
d1195-T318,in ihrem zimmer im elternzimmer hat es dann beicht gehabt das ist doch ganz weiss gewesen
d1195-T319,ganz weiss von von von beicht und
d1195-T32,habe ich dann aufgehört und da hat man dann der der dinge gesagt
d1195-T320,übrigens habe ich das zu wertistei auch erlebt
d1195-T321,jetzt habe ich der begriff nicht verstanden beicht
d1195-T322,beicht das ist
d1195-T323,ich habe es auch nicht gefunden ich käm wörterbuch innen bücht eben wir sagen beicht
d1195-T324,das ist der raureif wo sich an der decke absetzt
d1195-T325,wann wann fuchtigkeit
d1195-T326,ist das ja ganz weiss dem he wir beicht gesagt
d1195-T327,ich weiss also nicht was das für ein wort
d1195-T328,und in wartestei haben er das auch erlebt dort dort haben wir sogar
d1195-T329,im winter das ist der kalte winter gewesen
d1195-T33,und die tante hat man dann gesagt sie zahlen wir es dass ich wenigstens einen abschluss habe
d1195-T330,kalte winter
d1195-T331,etwa im dreissig umhin muss das gewesen sein
d1195-T332,kann es jetzt die jahrenzahl nicht genau sagen es hat dort einige kalte winter geben
d1195-T333,ich weiss es nicht ich kann es also nicht sagen was für
d1195-T334,das ist aber noch lange bevor
d1195-T336,also wirklich schütter ist eine ganz ein scheitere zeit gewesen selbe ist ganz bitter gewesen
d1195-T338,nur von anderen weitergelebt und
d1195-T339,das ist ja vor von deutschland da noch da hat man nichts gewusst vom hitler
d1195-T34,da da das gimnasium da hätte ich
d1195-T340,wie ist es dann gewesen
d1195-T341,mit der arbeitslosigket in den dreissigerjahren in der schweiz
d1195-T342,die ist schlimm gewesen die ist also ganz schlimm gewesen ich kann mich noch gut erinnern
d1195-T343,es hat mich natürlich insofern betroffen wo ich die handelsschule abgeschlossen habe
d1195-T344,habe ich
d1195-T345,praktisch
d1195-T346,eine keine stelle gehabt
d1195-T347,das heisst ich habe dann schon so aushilfsstellen gehabt
d1195-T348,betätigt ich kann mich noch erinnern ich habe
d1195-T349,bei einem bauern habe ich allmal ausgeholfen
d1195-T35,wahrscheinlich ein klein schwierigkeiten gehabt zu luzern
d1195-T350,also noch vor dem krieg
d1195-T351,wie
d1195-T352,das ist noch vor dem krieg gewesen
d1195-T353,das ist noch vor dem krieg gewesen
d1195-T354,bei einem bauer ausgeholfen
d1195-T355,und zwar hat mich der
d1195-T356,gesagt du kannst da hinter dem hinter der scheuer ist er ist ein bierbaum
d1195-T357,dort innen fallen will niemand
d1195-T358,da habe ich gesagt ich gehen ihnen schon aufhin
d1195-T359,aber immerhin ich habe dort die birnen obenabhin geholt
d1195-T36,da haben dann die handelsschule gemacht
d1195-T360,geschüttelt und so etwas abgelesen
d1195-T361,unter dem geld ist gewesen am abend
d1195-T362,sind also auch nicht so
d1195-T363,begütert gewesen die bauern nicht
d1195-T364,nur nur ein bild wie wie das so
d1195-T365,ist also nicht so als würde man heute
d1195-T366,sondern dort hat man müssen lugen dass man
d1195-T367,dass man etwas hat können machen
d1195-T368,ist ja gleich gewesen was wenn nur etwas lauft
d1195-T369,dort durchhin sind die engländer ein klein vorbildlich heute
d1195-T37,und nachanter
d1195-T370,muss mängist sagen
d1195-T371,zum beispiel den schwiegersohn
d1195-T372,der ist telefonmonteur
d1195-T373,und hat die stelle aufgegeben weil weil das alles also
d1195-T374,geht alles so in der fusion innen die globalisierung all das ist so klein
d1195-T375,weg kommen
d1195-T376,der hat sofort eine stolle gehabt
d1195-T377,dann ist sofort hat er
d1195-T378,hat er
d1195-T379,hat er sich bei der bahn gemeldet und die haben gesagt ja gut er könne da
d1195-T38,muss ich das ist grat
d1195-T380,parkwächter sich ja gut bin ich halt parkwächter ist er ein halbes jahr parkwächter gewesen
d1195-T381,nachart
d1195-T382,hat er wieder etwas andere keibes gefunden
d1195-T383,irgend etwas das ist ja gleich das hat mit dem telefon nichts
d1195-T384,und jetzt ist er bei der
d1195-T385,bei der bahn
d1195-T386,bei der administration
d1195-T387,das gefällt dem nicht schlecht ja
d1195-T388,aber
d1195-T389,er kann auch anders machen wenn es wenn es so genehm ist
d1195-T39,der krieg
d1195-T390,was mich noch würde interessieren in welchen jahren haben sie die handelsschule
d1195-T391,in luzern gemacht
d1195-T392,also
d1195-T393,in welchem jahr
d1195-T394,wie
d1195-T395,in welchem jahr
d1195-T396,das ist gewesen
d1195-T397,gottfriedstutz zwanzig dreissig
d1195-T398,ist natürlich etwas anderes das ist er ist ja sehr e manuell begabt
d1195-T399,das ist etwa
d1195-T4,der vater der ist älter gewesen weder mutter weil der ist der vater ist dann zwei
d1195-T40,krieg hat dann auch noch angefangen
d1195-T400,fünfunddreissig gewesen etwa im fünfunddreissig neunzehnfünfunddreissig
d1195-T401,das ist gegen der vierzig
d1195-T402,achtunddreissig neununddreissig
d1195-T403,achtunddreissig neununddreissig ist das gewesen ja
d1195-T404,achtunddreissig neununddreissig
d1195-T405,ja ich bin c zuerst bei der schon noch klein neben aussen gewesen neben eine zeit lang dann habe ich
d1195-T406,keine arbeit gehabt bin ich eigentlich auf den
d1195-T407,der kostet gewesen bei der mutter dann hat man den billig gelebt
d1195-T408,und dann am sonntag hat es
d1195-T409,hat es ein grosses müsse geben
d1195-T41,dann bin ich
d1195-T410,mit einer
d1195-T412,eine wurst also nicht das spezialwurscht ist das gewesen
d1195-T413,ist also ganz ein einfaches essen gewesen ganz einfach ja
d1195-T414,wir haben wirklich einfach gelebt haben mit obst und mit dem zeug was man von anderen leuten übergekommen haben
d1195-T415,und ihre geschwister
d1195-T416,nein halt das ist später gewesen später halt halt
d1195-T418,im beruf gewesen einen ist wagner
d1195-T419,in der dritten klasse habe ist geschrieben ich werden
d1195-T42,auf der strasse gestanden zuerst und ich habe mich gemeldet bei der sauwas
d1195-T420,ich will wagner werden
d1195-T421,wagner bin ich nie geworden aber
d1195-T422,der eltisch ist der zweit ist wagner worden der ist
d1195-T423,der ist zu davos gewesen der ist sie scheinwagner gewesen bei der att
d1195-T424,attenhofer
d1195-T425,wo nachhther zu zürich unten wieder geschafft hat
d1195-T426,und der zweit
d1195-T427,der dritte
d1195-T428,der ist
d1195-T429,auch wagner
d1195-T43,die haben gesagt vorläufig stellen sie niemand ein
d1195-T430,ist dann beim bruder
d1195-T431,zu zürich hat in der inneren scheinwagnerei geschafft
d1195-T432,ist dann an
d1195-T433,blutzersetzung gestorben
d1195-T434,und die dritte ist eine schwester die hat
d1195-T435,neinere gelehrt
d1195-T436,damenschneiderin
d1195-T437,und die viert die fünfte
d1195-T438,ist eine schwester gewesen
d1195-T439,die hat e keinen die ist erste stelle gewesen ist
d1195-T44,und habe dann aber gleich
d1195-T440,überall hat die und der sechsten ist wieder wagner geworden
d1195-T441,und der ist bei der
d1195-T442,zu brennen 
d1195-T443,in der
d1195-T444,spielwarenfabrik hat er geschafft
d1195-T445,ah ist das wisa gloria
d1195-T446,übrigens wie sind wir vier brüder gewesen haben alle wollen wagner werden alle haben wollen wagner ja alle
d1195-T447,zu tun gehabt mit telefonmonteur und dem zeug gar nichts zu tun gehabt
d1195-T449,und der ist dann noch
d1195-T45,am
d1195-T450,leider gottes verdrucken im zürich im zugersee mit einem kinder
d1195-T451,ist er an einem sonntag mit dem schifflein auf ne zugersee
d1195-T452,während dem die frau mit der tochter auf einsiedeln ist
d1195-T453,ist er auf eine zugersee und die auf dem zugersee
d1195-T454,hat das kind das ist etwa dreijährig gewesen das ist ein bub gewesen
d1195-T455,ist hinten am bug gewesen und er hat es stehrender gehabt er hat also gerudert
d1195-T456,und
d1195-T457,fallt aushin der kleinen fällt aushin
d1195-T458,der der der bruder
d1195-T459,wie ist eine gute schwimmer gewesen springt aushin
d1195-T46,nach weihnacht anno vierzig
d1195-T460,packt ihn
d1195-T461,jetzt hat eine fehler gemacht jetzt hat er jetzt hat ihn dann stimmereizehnkrampf übergekommen
d1195-T463,gehustet hat hat er immer luft hahahahah und hat ihn in der hand gehabt und ist abhin mit
d1195-T464,ist abhin niemand gefunden
d1195-T465,mit dem kleinen
d1195-T466,wahrscheinlich unten innen dort nicht das ist ja dort da
d1195-T467,zugers
d1195-T468,zugersee die stadt zug ist ja dort ab
d1195-T469,und hat dort eine so unten innen
d1195-T47,nach weihnacht anno vierzig habe ich der
d1195-T470,und sie sagen er müsse dort unten  ihnen gekommen er
d1195-T471,sie können nicht dort unten ihnen das
d1195-T472,hat ihn also niemand gefunden
d1195-T473,aber sie haben den leute gesehen also
d1195-T474,das ist eine aushingegangen von ganz in der nähe mit dem schifflein
d1195-T475,ist sie aushingeschwumme aushingerudert
d1195-T476,aber sie sei zu spot kommen sind habe ich nichts mehr können
d1195-T477,und das ist nach dem krieg passiert
d1195-T478,das ist nach dem krieg passiert
d1195-T479,wann haben sie das  gefühl gehabt
d1195-T48,aufforderung übergekommen ich soll einmal vorbei gekommen
d1195-T480,zweit hälfte dreissigerjahren ende dreissigerjahren
d1195-T481,auch jetzt wird es gefährlich
d1195-T482,vielleicht gibt es krieg
d1195-T483,haben sie das gefühl gehabt oder wie haben sie das erlebt
d1195-T484,ja
d1195-T485,ja man hat schon
d1195-T486,eine mir als als legen und wo richtig
d1195-T487,das man hat dann gemerkt der hitler
d1195-T488,der ist dann gibt sich nicht ab mit
d1195-T489,mit dem restdeutschland wo jetzt noch ist sondern dann will wieder ein grossen er hat ja immer von einem grossdeutschland geredet
d1195-T49,von den sowas
d1195-T490,also dann will wahrscheinlich schon der der
d1195-T491,er sacken ein was er kann
d1195-T492,und man hat also schon
d1195-T493,das hat man schon klein gewusst dann
d1195-T494,da die drei herren wo da zusammengekommen sind da
d1195-T495,wo da einen teil ein teil von der vom
d1195-T496,wir haben schon das gefühl gehabt also da geht der teufel einmal los da geht es einmal los
d1195-T497,vom wie heisst das
d1195-T498,also das sudeten
d1195-T499,wie
d1195-T5,die erste frau ist ihm gestorben
d1195-T50,von den sollen ja und dann bin ich dort vorbei
d1195-T500,sudeten
d1195-T501,sudetenland ja sudeten
d1195-T502,der gibt sich nicht mit
d1195-T503,mit einem brot mit einem brotranft da ab sondern der will noch mehr
d1195-T504,haben sie angst gehabt
d1195-T505,also wir haben angst gehabt wir haben also wo der krieg ausgebrochen ist haben wir angst übergekommen und zwar
d1195-T506,wir haben uns gesagt der der der
d1195-T507,gut es ist ja interessant es ist kommt ist ja in den bericht aushingekommen das habe ich im radio gehört da
d1195-T508,das eine deutschen
d1195-T509,kana oder kanawas oder wie kanadis oder wie er geheissen hat
d1195-T51,aber nur vorübergehend es sei also keine fest feste anstellung
d1195-T510,dann ist ja ist er über alles überrannt der hat ja alles überrollt gerade dann ist gerade
d1195-T512,zurückgehalten sonst hätten die deutsche hätten die schweiz auch schon
d1195-T513,gut die schweiz
d1195-T514,meine das militär ist ist
d1195-T515,gerüstet gewesen aber ob sie gut gerüstet gewesen sind ist eine andere frage
d1195-T516,und ob das genützt hat
d1195-T517,die deutschen haben ja immer gesagt
d1195-T518,sie gingen jetzt zuerst nach england und wenn sie dann zurück auf dem rückweg nehmen wir die
d1195-T519,also
d1195-T52,ist immerhin vierundvierzig jahre geblieben
d1195-T520,gut
d1195-T521,wenn er uns überrennt hat
d1195-T522,das hat eine terrillakrieg geben es hat auch so nein
d1195-T523,es hat also das ist ganz sicher dass da im reduit innen da
d1195-T524,vereinzelte gehabt hätten wo immer wieder geklopft hätten das ist ganz klar
d1195-T525,man hat dann da man hat da schon gewusst dass
d1195-T526,und dann hat man gewusst
d1195-T527,dass wir einen haufen leute da innen haben
d1195-T528,dann wir haben müssen von den solla aus
d1195-T529,wir haben müssen gehen gan
d1195-T53,die vorübergehender anstellung
d1195-T530,gan erdäpfel setzen
d1195-T531,und zwar hat direktion angeordnet nicht mit maschinen sondern man hat sich von hand müssen
d1195-T532,nur umhingegraben das haben wir nicht müssen weil also das ist umhingeackert worden
d1195-T533,und dann sind wir aufgeboten worden
d1195-T534,die die die schweiz namen wir die nehmen wir die schweiz auch noch gerade dazu
d1195-T535,als also
d1195-T536,als bürolisten
d1195-T537,sind wir da aufgeboten worden für den
d1195-T538,erdäpfel setzen da
d1195-T539,ganze felder voll haben wir da erdäpfel gesteckt
d1195-T54,und dort habe ich
d1195-T540,wo
d1195-T541,und die gefreurelt und und an der sonne gepflegt
d1195-T542,in der stadt luzern
d1195-T543,ja das ist im moos aussen gewesen bin
d1195-T544,und im
d1195-T545,gerade im herbst haben wir sie sogar noch müssen gan bewachen ich bin auch noch wache
d1195-T546,also sind sie von bürodienst
d1195-T547,wie
d1195-T548,sind sie vom büro aus
d1195-T549,jaja
d1195-T55,bin ich gerade
d1195-T550,gestanden dort aussen dass uns die erdapfel nicht gestohlen worden sind
d1195-T552,das ist eine plan aufgestellt worden wäre muss gehen und wie da hat man dann alle auch haben müssen gehen dann
d1195-T553,da ist ausgerückt worden am morgen und
d1195-T554,karst auf der achslein und
d1195-T555,schaufeln und pickel und da
d1195-T556,von der direktion aus befohlen worden
d1195-T558,und
d1195-T559,die erdäpfel gesteckt
d1195-T56,zuerst in die mathematisch
d1195-T560,und dann im herbst wieder ausgetan und wenn ich einmal poliert habe den wagen
d1195-T561,wir da mit den regewetter erdäpfel ausgetan habe gesagt das ist macht e keine bauer da he regewetter erdäpfel ausgetan
d1195-T562,aber das hat nichts genützt wir haben müssen
d1195-T563,zu haben wir dann erdäpfel ausgetan dann haben wir es wieder müssen
d1195-T564,putzen mit mit lumpen sack
d1195-T565,ambolage haben wir die
d1195-T566,die erdäpfel putzt dass sie einigermassen sauber gewesen sind
d1195-T567,ob es ihnen gut getan hat weiss ich nicht ob sie dann wie die gefallen sind
d1195-T568,und wohin sind die erdäpfel dann kommen
d1195-T569,wie
d1195-T57,und anschliessend ist die statistik gewesen und dann ist die statistik kommen
d1195-T570,wohin sind die erdäpfel kommen
d1195-T571,die hat man können kaufen verbilligt hat man die übergekommen
d1195-T572,also sind wir immer die sind immer abgekommen die erdäpfel sind alle abgekommen
d1195-T573,hat auch noch klein kabis gesetzt zum teil
d1195-T574,ja das ist alles alles ist
d1195-T576,das hat man schon wo dann das der gefallen ist hat man schon gewusst dass
d1195-T578,vom wa vom wahlen
d1195-T579,ja das ist ein guter mann gewesen
d1195-T58,da habe ich einfach der ganze
d1195-T580,und der
d1195-T581,der salweise hätte ich es auch noch klein geholfen den salweise von der
d1195-T582,reporter
d1195-T583,was ist er gewesen professer oder was
d1195-T584,am radio wobei am radio radio haben wir allmal schon gehabt
d1195-T585,also fernsehen hat es ja noch nicht geben dazumal
d1195-T586,aber beim radio und radio
d1195-T587,habe ich zum beispiel wo ich noch nicht in der sauva gewesen bin
d1195-T588,habe ich so das kleines dedeckterlein gehabt mit einem stein und dann habe ich müssen so
d1195-T589,suchen guseln mit einem
d1195-T59,statistische ding mitgemacht dort dann
d1195-T590,mit einem stift
d1195-T591,dann habe ich dann etwas gehört he
d1195-T592,meistens habe ich nur musik habe allmal bei der musik habe ich
d1195-T593,haben wir
d1195-T594,auch später habe ich es dann mit dem ddeckter habe ich sie nie übergekommen
d1195-T595,und
d1195-T596,das ist
d1195-T597,gut gewesen das heisst
d1195-T598,der salweise hätte ich es etwa über
d1195-T599,über die ganze
d1195-T6,von deren hat er nur eine tochter gehabt
d1195-T60,ist zwar nicht immer ist jetzt wirklich nicht mehr
d1195-T600,die lage vom vom hitler wo er da nach russland ist und dort
d1195-T601,und die die das ist viel überfall auf frankreich schon vorennen
d1195-T602,also sie meinen wahrscheinlich dann jean rudolf von salis
d1195-T603,wie
d1195-T604,jean rudolf von salis
d1195-T605,über der gut rapportiert hat
d1195-T607,die ra nachrichten aber später hat man dann nachrichten übergekommen
d1195-T608,sie sie hat die sendung von einem
d1195-T61,mehr dinge gewesen aber ich habe mich so gut als gegangen ist habe mich durchgeschlagen dort
d1195-T610,die hat die hat man
d1195-T611,die hat man gelost und hat
d1195-T612,aber wie gesagt das ist also
d1195-T613,muss vielleicht noch voraus schicken
d1195-T614,am
d1195-T615,bei der ersten mobilmachung ist ja gegangen aber bei der zweiten mobilmachung
d1195-T616,hat man ja genau gemeint jetzt jetzt kommt er der von unten einen
d1195-T617,von von von basel unten
d1195-T618,und ich kann mich noch gut erinnern da habe ich in die sollen in der ersten jahren geschafft dort
d1195-T619,da sind die züüge voll
d1195-T62,das habe ich nie wollen
d1195-T620,basler leute
d1195-T621,mit kinder und chengel sind die mit kinderwagen sind die da auf luzern einen kommen
d1195-T622,zu luzern ausgestiegen die haben wollen alle da im reduit innen sie haben wollen in der innerschweiz wesen wie der der wie der der unten einen kommt da
d1195-T623,also man hat also
d1195-T624,keiben schiessen gehabt also muss schon sagen das ist also
d1195-T625,sehr kritisch gewesen
d1195-T626,sehr kritisch
d1195-T627,und gut heute weiss man
d1195-T628,heute weiss man eine vom vom kz das hat man natürlich da der leie hat das
d1195-T629,vielleicht obendurchhin haben sie es schon besser gewusst
d1195-T63,ich habe immer gesagt wenn ich schon eine chefposten hat will ich einer
d1195-T630,aber wir haben also von dem nichts gewusst man hat das praktisch nichts gewusst von dem
d1195-T631,nur kann ich heute nicht verstehen das leute geben
d1195-T632,wo sagen es gen es habe e keine kz geben
d1195-T633,das kann ich also nicht recht verstehen nach dem man es ja
d1195-T635,haben sie dann auch am radio nachrichten mitbekommen
d1195-T636,aber wir haben es also nicht gewusst also
d1195-T637,also dann gewöhn dann gewöhnlich sterbliche hat das nicht gewusst
d1195-T638,ich weiss es nicht
d1195-T639,gesagt hat man gesagt hat man man hat überhaupt von dem wenig geredet dass judenprobleme
d1195-T64,will ich selber können urtei
d1195-T640,dann wir haben selber müssen lugen dass wir zu essen haben
d1195-T641,und und wenn man denkt dass die wie man heute gesehen
d1195-T642,dass wie die amerikaner die haben auch eine keine inhingelassen und die franzosen
d1195-T643,oder wer das gewesen ist die die die ich glaube wir haben die meisten inhingelassen wo es einigermassen
d1195-T644,gut alles hat man natürlich ist
d1195-T645,wirklich nicht gut gegangen heute im nachhinein kann man schon sagen
d1195-T646,es ist ja immer ob ein klein die frage
d1195-T647,an an der grenze grenzdienst macht
d1195-T649,erziehung gewirkt
d1195-T65,ich will nicht mehr ich mache ich machen meine sache und machen meine sache so gut als geht
d1195-T650,und den befehl ist ein befehl gewesen und der hat müssen strikte ausgeführt werden und wenn dann nicht ausgeführt worden ist ist er verschossen worden
d1195-T651,ich kann mich noch gut erinnern ich bin auf der militärzentraler gewesen zu luzern
d1195-T652,telefonkasten gehabt wo man gestopselt hat
d1195-T653,also im aktivdienst
d1195-T656,bewaffneten hilfsdienst habe eine alte flinte gehabt
d1195-T657,ich habe nie wahr nie gut geschossen aber
d1195-T658,überall gewesen
d1195-T659,schützenstand hinten gan schiessübungen machen dort
d1195-T66,um es andere tun wir dann lugen
d1195-T660,ich weiss also noch gut ich habe eine
d1195-T661,haben eine hauptmann gehabt
d1195-T662,genauer lugen du musst besser lugen du musst auch lugen du
d1195-T663,du hast wieder neben du hast eine nuller geschossen
d1195-T664,habe immer ein klein angst gehabt
d1195-T665,vor dem schiessen
d1195-T666,ja nur
d1195-T667,auf alle fälle
d1195-T668,eben sie haben gestöpselt haben sie
d1195-T67,was mich noch interessiert
d1195-T670,und ich kann mich noch gut erinnern
d1195-T671,jetzt hat mich einmal einen maior oder ein oberst oder was gewesen ist gefragt
d1195-T672,von andermatt obenabhin
d1195-T673,hat man den befehl durchgeben und das ist fliegeralarm gewesen
d1195-T674,hat man den befehl durchgegeben ich soll
d1195-T675,es es irgend ein kompaniebüro anläuten weiss nicht was für eines
d1195-T676,und dann habe ich ein telef
d1195-T677,telefon ihnen gerufen fliegeralarm und habe dann steter wieder aushingerissen
d1195-T678,ist aber nie nichts gegangen
d1195-T679,das sind so die begebenheiten gewesen
d1195-T68,sie haben von diesen es verzählt ist das
d1195-T681,und da habe ich gerufen fliegeralarm und habe dann steter wieder aushingerissen
d1195-T683,bahnhof im
d1195-T684,post post unten da
d1195-T685,und ihm bürgenberg hinten
d1195-T686,bürgerberg
d1195-T687,bürgerberg das ist dort wo
d1195-T688,dort wo der flug
d1195-T689,die flugfabrik ist da von der
d1195-T69,wie
d1195-T690,unten ihnen ist ein kennen
d1195-T691,dort ist dort ist man inhingegangen auf der selben seite bürgerberg
d1195-T694,da kommt er wieder und sagt er wenn er in wenn ich jetzt nicht sofort der ding durchhingeben so gehen er mich einen kisten
d1195-T695,der buochs stans stehen dort
d1195-T696,genau
d1195-T697,boches stans stad hinteren dort in gegen moos
d1195-T698,dort hinterhin ist das ist der unser
d1195-T699,damiziel gewesen wie man
d1195-T7,und hat dann noch fünf jahren wieder geheiratet und
d1195-T700,wie man dienst gehen
d1195-T701,gehabt hat im bürgerberg
d1195-T702,das heisst auf der militärzentralen sind nie mehr gewesen als zwei
d1195-T703,einen am kasten und einen am am
d1195-T704,wobei ich muss sagen
d1195-T705,heute könnte ich es nimmermehr
d1195-T706,ich habe schon mängist gedacht ich hätte stollenkoller
d1195-T707,also man hat schon stollenkoller übergekommen darinnen wenn wir längere
d1195-T708,längere zeit dort innen gewesen ist aber man hat das nicht so gemerkt also heute
d1195-T709,das wäre
d1195-T71,zugestanden und dann habe ich gesagt der bleiben angestellten fertig schluss
d1195-T710,es läuft
d1195-T711,da ist es wieder was haben wir auch geredet
d1195-T712,könnten sie mich nicht mehr in den stollen inhin getan
d1195-T713,eben wegen wegen den die sind
d1195-T714,bin im bürgerberg in der festung innen gewesen
d1195-T715,jawohl im bürgberg in der fest ja dort sind wir dort sind wir ziemlich lange
d1195-T716,wir sind natürlich nicht immer dort innen gewesen man hat dann wieder etwa müssen auf luzern angetreten
d1195-T717,aber der bürgerberg ist
d1195-T718,für uns
d1195-T719,und dann hat man den reis gehabt nur in all weg aufhin
d1195-T72,ist das
d1195-T720,und ja nicht weiter he
d1195-T721,im ausgang
d1195-T722,ausgang
d1195-T723,und dann sind wir mal der langemachts und ich heh
d1195-T724,haben es haben velo gehabt
d1195-T725,plötzlich kommt die serviertochter zu springen und sagt ihr müssen sofort da weg
d1195-T726,der hauptmann ist im anmarsch der komme gan kontrollen machen
d1195-T727,jetzt hat ihm einen im im kompaniebüro da unten
d1195-T728,hat
d1195-T729,hat uns gewarnt
d1195-T730,der hat der hat gewusst dann geht jetzt ein bürgerberg hinteren gan kon gan kontrollen machen
d1195-T731,wir natürlich aushin und ab und
d1195-T732,und eben wir haben gerade mögen ins loch ihnen dann ist er gekommen
d1195-T733,glaube wir werden hinterhingeheit worden
d1195-T734,mh das ist klar
d1195-T735,dann haben wir gesagt wir gehen auf engelberg aufhin im grünen boden sind wir eingekehrt
d1195-T736,mh wie ist dann
d1195-T737,das klima gewesen in der festung so
d1195-T738,keine bericht durchgeben keine stetslerei nicht fertig
d1195-T74,ausgesprochen leider gestorben ist dann auch noch während dem dass ich dort gewesen bin
d1195-T740,also untereinander
d1195-T741,ist ist gut gewesen ist gut gewesen das hat höchstens
d1195-T742,dann ist der ein klein missmutung gewesen aber
d1195-T743,aber dass man irgendwie feindlich
d1195-T744,depression oder
d1195-T745,es ist ja nur es zusätzliches
d1195-T746,eingeschlossensen aussendaran sind die achsenmächten
d1195-T747,und dann ist man ja noch einest
d1195-T748,eingeschlossen eben die schweiz eingeschlossen von der achsenmächte und dann zusätzlich ist man noch
d1195-T749,wie nochmal in der festung noch
d1195-T750,eingebunkert
d1195-T751,jaja jaja
d1195-T752,aber wir haben
d1195-T753,wir haben einen und für sich ein gutes verhältnis gehabt
d1195-T754,in der militärzentralen
d1195-T755,wir haben
d1195-T756,am abend sind wir ausgegangen das ist das heisst wir haben ja nur zwei können gehen
d1195-T757,die anderen sind wieder zwei darinnen gewesen
d1195-T758,und dann sind wir gewöhnlich ein hollweg aufhin dort oben haben wir irgend ein kafelein oder ein bierlein oder irgend
d1195-T759,ein sonst
d1195-T76,in den dreissiger jahren gewesen schon in den dreissiger jahren
d1195-T760,sonst sehr gut wohl wir haben also
d1195-T761,wir haben ein gutes verhältnis gehabt also noch zum beispiel der
d1195-T762,lange magen und da der den fischer baulein
d1195-T763,vom auktionshaus doch dann lebt wahrscheinlich auch schon lange also dann lange machts ist gestorben das weiss ich dann fischer baulich wahrscheinlich auch
d1195-T764,gewesen wäre gegeneinander oder so das hat man nicht gekannt einfach auch eine gewissen
d1195-T765,sind
d1195-T766,ist ein gutes verhältnis gewesen
d1195-T767,wie sind die offizieren gewesen
d1195-T768,die offiziere
d1195-T769,das ist eine spezial
d1195-T77,dort habe ich sehr gute
d1195-T770,spezialgattig gewesen mit der offizieren
d1195-T771,haben wir eigentlich eine kein nur haben wir im letzten ding wo man noch
d1195-T772,die einest dienst getan gehabt aber es ist schon der krieg ist schon vorbei gewesen
d1195-T773,es hat eben so klein der ein oder andere hat der koller übergekommen
d1195-T774,haben wir noch eine neuen hauptmann gehabt und da sind die
d1195-T775,der fhadehen ist dann natürlich noch dazukommen der ist da noch
d1195-T776,haben wir den ganzen krieg können mit mit da
d1195-T777,und jetzt kommt der und du tut und dann hätten wir noch sollen
d1195-T779,dann ist eine gewesen vom effhade eine vom gatiker
d1195-T78,sehr gute lehrer gehabt
d1195-T780,von dieser
d1195-T781,fettfabrik da von wedischwil oder weiss ich woher
d1195-T782,und die hätten wir sollen grüssen weil sie die hat ein offiziersgrad gehabt oder was keibes habe gesagt
d1195-T783,stollen kommen
d1195-T784,das ist ein klein dann das ist ein klein das negativen gewesen
d1195-T785,aber sie haben keine
d1195-T786,also die von dem weibervolk da grüssen wir doch nicht
d1195-T787,offizieren gehabt im aktivdienst wo
d1195-T788,mit nazideutschland sympathisiert haben v
d1195-T789,haben wir nicht gekannt
d1195-T79,ganz ausgezeichnete sehr gute
d1195-T790,das haben wir nicht gekannt wir haben also keinen offizier gehabt
d1195-T791,wo wir wo wir
d1195-T792,wissentlich wo wir wüssten dass sie irgendwie
d1195-T793,namen
d1195-T794,das könnte ich nicht sagen
d1195-T795,wir haben strenge offizier gehabt zum teil
d1195-T796,eben durch die autoritäre offiziere
d1195-T797,zum beispiel dann gübeler die die die gübeleinhütte da ist ja bekannt gewesen im ding unten da
d1195-T798,kasernen unten dort die in die gübeleinhütte da das sind die die irgend
d1195-T799,wo er eingesperrt hat
d1195-T8,und die mutter ist eine pfenninger gewesen
d1195-T80,habe aber auch in wartestei ein guter lehrer gehabt einen deutschlehrer
d1195-T800,irgend etwas keibes wenn es irgend etwas
d1195-T801,und der hat dann die ein klein bevorzugt und das wenn man das hätte ich es der klein mögen wir haben gesagt gottfertorin jetzt haben wir
d1195-T802,etwas ja irgend
d1195-T803,zum beispiel mein bruder ist auch einmal in der kübeleinhütten unten gewesen der hat
d1195-T804,die hätten ausgangsperre gehen in eine wirtschaft dort
d1195-T805,da in der ländern innen irgendwo hätten sie nicht dürfen in die wirtschaft gehen warum weiss ich auch nicht
d1195-T806,und er ist halt gleich gegangen mit anderen dann sind sie
d1195-T807,kappert worden und in  dübeleinhütten abhin gekommen
d1195-T808,für wie lange weiss ich auch nicht so
d1195-T809,man hat den befehl gehabt bei fliegeralarm dürfen wir nichts keine
d1195-T81,eine deutschen der
d1195-T811,das habe ja scheint es der
d1195-T812,handschuhebefehl geben dass die offiziere ja nicht haben dürfen ohne handschuhen
d1195-T813,das weiss ich nicht
d1195-T814,das könnte ich also nicht sagen ich
d1195-T815,von dem weiss ich nichts
d1195-T816,sie haben uns stre sie haben strenge
d1195-T817,ja und autoritäre dinge gehabt heute ist ja das
d1195-T818,wenn man da die rekrutenschule anlugt
d1195-T819,ist das gar nicht so schlimm
d1195-T82,bei also dort oben habe dort noch der pater marius karlott gelernt kenne das ist ganz ein bäumigen mann gewesen
d1195-T820,dazumal hat man dann schon noch müssen
d1195-T821,wo noch meine lehrer gewesen ist in der schule er hat allmal zu einer gesagt hans du musst
d1195-T822,in dreck innen liegen wie man
d1195-T823,wenn er geschossen haben das hat da keine rolle gespielt da
d1195-T824,nachher der ganz die ganz abhin da die ganze
d1195-T825,bei den übungen
d1195-T826,bei den übungen ja
d1195-T827,wie lange sind sie im aktivdienst gewesen
d1195-T828,wie
d1195-T829,wie lange sind sie im aktivdienst gewesen
d1195-T83,er bericht der hat
d1195-T830,hm ja ich bin vom
d1195-T831,bis am fünfundvierzig bin ich also bin ich
d1195-T832,vierzig bis fünfundvierzig also in allem zehn da während dem ganzen krieg ich bei den nachanter
d1195-T833,vom
d1195-T834,bewaffneten haden habe habe so kolossale müssen gehabt ja da
d1195-T835,habe ich habe noch müssen es erztliches zeugnis bringen dass ich nicht könne
d1195-T836,das ist noch lange gegangen bis ich dann bei überhaupt noch lange in dem habe hadeen bei den noch
d1195-T837,ja und dann fünf
d1195-T838,fünfhundert dienstag gehabt oder noch klein mehr
d1195-T839,haben sie den mann gehabt mit der mit den waffen
d1195-T84,dann ist sehr guter lehrer gewesen
d1195-T840,aus pazifistischen christlichen gründen
d1195-T841,namen
d1195-T842,christliche grund nicht ich habe höchstens scheisse gehabt wenn ich das heisst
d1195-T843,ich habe beim schiessen habe ich gewöhnlich habe die augen
d1195-T845,hat gesaill du musst am schuss nachlugen ni nicht die augen zugedrucken jaja ist gut und recht
d1195-T846,wo ich kinderleben mich noch nie gehabt habe habe ich immer wollen hauptmann werden habe immer gesagt ich will einmal hauptmann werden
d1195-T847,wo sie da so weit gewesen ist dann hat man nichts mehr wollen wissen von hauptmann
d1195-T848,wann ist das passiert
d1195-T849,kinderlähme ist gewesen mit neun jahre da bin ich
d1195-T85,hingegen die anderen sind so klein
d1195-T850,das ist auch noch interessant ich bin
d1195-T851,die kinderleben mich das ist etwas gewesen
d1195-T852,ich habe müssen
d1195-T853,im keller unten most abfülle in in
d1195-T854,in flaschen ihnen
d1195-T855,und da ist nass gewesen da ist natürlich etwa wieder ein klein most nebenaushin gelaufen ist nass gewesen und ist auch kalt gewesen
d1195-T856,ist im oktober gewesen da habe mich verkältet und habe dann fieber übergekommen zu nacht
d1195-T857,hirn hirnhautentzündung oder weiss ich kopfweh natürlich auch
d1195-T858,ist über sonntag gegangen am sonntag habe ich pf ist das kopfweh zurück und dann bin ich aufgestanden
d1195-T859,paar schritt gelaufen und dann gehen in um
d1195-T86,wir haben einen gehabt von
d1195-T860,dann bin ich wieder aufgestanden
d1195-T861,wieder ein paar schritt gelaufen gehen ich wieder um einfach plötzlich zusammengesackt
d1195-T862,dann bin ich ins bett
d1195-T863,und da ist fertig gewesen von dort weg ist fertig gewesen da habe ich überhaupt nicht mehr können
d1195-T864,aufstehen
d1195-T865,und zwar auch nichts kopf kein kopfbewegung machen e keine hand bewegung
d1195-T866,da habe ich dann mutter hinten gerufen sie soll mich auf die andere seite legen dann wieder auf die seite getragen und so
d1195-T867,wo der doktor ist gekommen zuerst hat er gar nicht gewusst was was das ist das das hat man nicht gekannt da da
d1195-T868,dann ist man miserabel und dann haben sie mich ein spital hat mich der vater
d1195-T869,und dann hat sie
d1195-T87,für griechisch das ist ein interessanter gewesen dann hat mehr verzählt von
d1195-T870,haben sie mich untersucht dort oben haben mich gerade so in ein totenzimmer inhingetan
d1195-T871,er könne warten darauf dann buben leben nicht meine lange
d1195-T872,das das geht gegen ende
d1195-T873,ist aber nicht gegen ende gegangen ich habe ein leben noch
d1195-T874,leben noch heute noch gerne
d1195-T875,und
d1195-T876,und dann ist dann der vater
d1195-T877,ist und ist nacht worden und dann hat er gesagt ja jetzt muss er aber heim
d1195-T878,könne er nicht mehr länger warten
d1195-T879,ist er heim und dann haben sie mich in ein absonderungshaus getan und haben mich dort lassen liegen
d1195-T88,vom ersten weltkrieg
d1195-T880,haben nichts können machen mit mir sie haben man hat gar nicht recht gewusst was sollen wir auch einfach mit denen leuten
d1195-T881,und dann haben sie
d1195-T882,haben sie mich in die medizin zwei getan
d1195-T883,und in der haben sie angefangen mit elektroschock und wasser annw-wendigen
d1195-T884,hätten sie das am anfang gemacht wäre es wahrscheinlich besser aushingekommen
d1195-T885,aber sie haben nichts anderes gewusst und da habe ich wieder müssen
d1195-T886,lehre laufen ich bin etwa drei monate in dem spital enen gelegen da
d1195-T887,die pflege
d1195-T888,ist eine schwester gewesen
d1195-T889,ein ältere schwester
d1195-T89,wie sie in den deutschen
d1195-T890,wir haben einander
d1195-T891,wir sind etwa unserer drei oder vier
d1195-T892,kinderlähmung
d1195-T893,einen ist über vierzig gewesen
d1195-T894,der ist zwar noch besser daran gewesen ich bin ich bin so
d1195-T895,es ist dann so langsam kommen aber
d1195-T896,wir haben einander müssen aushelfen ich in dem spital
d1195-T897,vom seerweise haben ein zu mittag geholt und zu nacht und das ist in wieder aushinträgt und
d1195-T898,das ist also nichts
d1195-T899,und da ist der gegen der weihnach zugegangen ich bin im oktober eingeliefert worden also oktober und
d1195-T9,und ein ein sohn ist ein pfarrer gewesen zu weggis oben
d1195-T90,deutschen schützengraben innen gehockt seien
d1195-T900,und gegen gegen mitte weihnacht zu
d1195-T901,habe ich einfach gesagt ich will heim ich will heim ich habe lange zeit ich will heim
d1195-T902,aber wo wird therapie weiter gemacht in der station sampach ist nirgends
d1195-T903,hat man das überhaupt nicht kennt und
d1195-T904,was soll man jetzt angefangen mit dem burschen
d1195-T905,ja nur es ist dann
d1195-T906,ich habe dann wieder so können ein klein laufen
d1195-T907,nicht weit aber
d1195-T908,und der bruder hat mich dann auch mit einem ch leiterkärrlei etwa auf sempach ihnen
d1195-T909,genommen und wieder heimgeführt
d1195-T91,mit den franzosen zusammen bis wieder
d1195-T910,das ist noch einigermassen gut gegangen
d1195-T911,und das ist dann wieder so klein kommen also ich habe dann auf alle fälle
d1195-T912,ob körperlich obendurchhin ist gut gewesen
d1195-T913,ist wieder gut geworden
d1195-T914,es hat sich dann nur auf die link
d1195-T915,auf die recht seite abhin
d1195-T916,die rechte seite ja hat
d1195-T917,ist das bei gelähmt gewesen
d1195-T918,und das hat man dann müssen operieren
d1195-T919,weil es eine klumpfuss gegeben hat
d1195-T92,feuer
d1195-T920,hat man dann müssen das
d1195-T921,die sehe die sehen erweitern
d1195-T922,und das ist gut gegangen wieder
d1195-T923,mit zwölf jahren mit neunzehn jahren ist das
d1195-T924,ist es halt wieder durch das wachstum ist das halt wieder
d1195-T925,ist der klumpfuss wieder kommen da hat man es nochmal operiert
d1195-T926,und dieses ist nicht gut gegangen das ist der operateur ist gar nicht zufrieden gewesen es hat geheitert und
d1195-T927,und er hat schon geredet von amputation wenn das nicht besser werden
d1195-T928,abgehauen wird da nichts
d1195-T929,und zum glück nicht
d1195-T93,alarm geben habe und dann sind sie auseinander gesprungen und haben wieder unfeinander geschossen
d1195-T930,ich bin nachanter
d1195-T931,habe ich wanderungen gemacht in den bergen und bis wie gesagt viertausender gemacht
d1195-T932,gut ich habe ein klein ich habe mehr geschwitzt weder andere leute das stimmt schon aber
d1195-T933,aber ich ich habe es durchhin ich habe es durchgestieren he und das ist
d1195-T934,bei zufrieden gewesen
d1195-T935,bis jetzt
d1195-T936,etwa vor zwanzig
d1195-T937,zwanzig jahren
d1195-T938,habe ich ein ische gelassen in zu schottland oben wo wir da in england gewesen sind
d1195-T939,aber es ist immer noch gegangen ich habe immer noch können laufen bis bis jetzt da der letzte
d1195-T94,also verbrüderungszehnen
d1195-T940,letzte augesten
d1195-T941,hat es plötzlich
d1195-T942,ist nicht mehr recht gegangen
d1195-T943,und da hat mich der doktor wollen in belein tun auf leukerbad zum sanieren wahrscheinlich
d1195-T944,habe ich gesagt ich will lieber einen untersuch einmal im spital oben da
d1195-T945,was eigentlich ist da ich könne habe einfach komischen schmerzen wenn ich
d1195-T946,wenn ich laufen
d1195-T947,und wenn ich sitzen
d1195-T948,ist auch jetzt wenn ich sitzen ist
d1195-T949,wenn ein liegen ist man am wülste
d1195-T950,schmerzmittel habe ich gesagt ja das sind schmerzmittel
d1195-T951,haben mich untersucht wie alles ist untersucht worden alles blut
d1195-T952,schmerzmittel geben
d1195-T953,aber ist
d1195-T954,da habe ich ein magen
d1195-T955,verstimmung übergekommen
d1195-T956,nicht mehr können stellen und schmerzen etwas grausiges
d1195-T957,und wenn mehr als ich dieser aber ist gehabt habe wie verrüichter ist es geworden
d1195-T958,bis ich gesagt habe so jetzt ist fertig die nehme ich nicht mehr
d1195-T959,dann haben sie man noch andere geben der blutdruck ist auch zu hoch
d1195-T96,das hat der deutsche lehrer verzählt
d1195-T960,es ist schon früher schon zu hoch gewesen
d1195-T961,und gut das
d1195-T962,habe ich genommen
d1195-T963,aber drei woche bin ich ich hätte sollen drei tagen
d1195-T964,und habe wieder ein klein müssen laufen es stagelein auf und  nagelle ab das ist
d1195-T965,mehr oder weniger gut gegangen
d1195-T966,und jetzt sind wir da und ist sogar angemeldet und
d1195-T967,wo ich da herhin gekommen bin habe ich bin ich noch nicht auf dem magen noch nicht gut gewesen aber heute
d1195-T968,gewusst ich nehme nicht mehr dann hat er gesagt wenn ich will den blutdruck
d1195-T969,der blutdruck und dann hat er mir noch
d1195-T970,zwei zwei geben
d1195-T971,wo wo wir nichts machen also nichts machen er sagt
d1195-T972,er sagt auch selber es sei jedes medikement den der mangen ein klein belasten
d1195-T973,jedes medikament das können wir nicht darum umhin aber jetzt das zestrin wo ich da haben
d1195-T974,für eine blutdruck das wirkt
d1195-T975,zwei darf ich ja nicht nehmen
d1195-T976,dann hat es mich bald überstellt
d1195-T977,hat man einfach schwindlung werden ich ich weiss nicht was los ist
d1195-T978,und dann hat sie hat sie man kaffee eingeschütten
d1195-T979,das hat dann wieder aufgeklopft oder ist zwar gegen blutdruck aber
d1195-T98,hat er uns verzählt he das ist sehr ein
d1195-T980,ja
d1195-T981,ich hat vielleicht abschliessend noch eine frage
d1195-T982,ja
d1195-T983,eine eine jetzt ist darin
d1195-T984,sie haben am telefon vom general guisan noch verzählt gehabt
d1195-T985,wie
d1195-T986,vom general guisan und vom reduit haben sie am telefon
d1195-T988,er ist für mich heute noch
d1195-T989,der general guisan
d1195-T99,der herr bauer
d1195-T990,der ist für mich eine autorität gewesen und zwar
d1195-T991,was er gemacht hat hat er sehr gut gemacht also ich kann da jetzt nichts also mir mir als leie
d1195-T992,wir alle in der in der in der einheit
d1195-T993,kann hat eine kennen gewusst wo über eine general guisan etwas
d1195-T994,also general guisan
d1195-T995,da lassen wir uns nicht der lassen wir uns nicht lassen nehmen das ist
d1195-T996,das ist etwas anders gewesen wie der willy der wille ist ein klein deutschfreundlich gewesen dann guisan der hat
d1195-T997,hat genau gewusst wie machen
d1195-T998,auch noch wichtig gewesen wenn er auch nicht katholisch gewesen ist ist ja gleich
d1195-T999,hm
